<ImportExportXml version="9.2.23105.202" SolutionPackageVersion="9.2" languagecode="1046" generatedBy="CrmLive" xmlns:xsi="http://www.w3.org/2001/XMLSchema-instance">
  <SolutionManifest>
    <UniqueName>SolucaoCursandoDevMSDyn365CE</UniqueName>
    <LocalizedNames>
      <LocalizedName description="Solução Cursando Desenvolvimento MS Dynamics 365 CE" languagecode="1046" />
    </LocalizedNames>
    <Descriptions />
    <Version>1.0.1</Version>
    <Managed>0</Managed>
    <Publisher>
      <UniqueName>curso</UniqueName>
      <LocalizedNames>
        <LocalizedName description="curso" languagecode="1046" />
      </LocalizedNames>
      <Descriptions />
      <EMailAddress xsi:nil="true"></EMailAddress>
      <SupportingWebsiteUrl xsi:nil="true"></SupportingWebsiteUrl>
      <CustomizationPrefix>curso</CustomizationPrefix>
      <CustomizationOptionValuePrefix>82566</CustomizationOptionValuePrefix>
      <Addresses>
        <Address>
          <AddressNumber>1</AddressNumber>
          <AddressTypeCode>1</AddressTypeCode>
          <City xsi:nil="true"></City>
          <County xsi:nil="true"></County>
          <Country xsi:nil="true"></Country>
          <Fax xsi:nil="true"></Fax>
          <FreightTermsCode xsi:nil="true"></FreightTermsCode>
          <ImportSequenceNumber xsi:nil="true"></ImportSequenceNumber>
          <Latitude xsi:nil="true"></Latitude>
          <Line1 xsi:nil="true"></Line1>
          <Line2 xsi:nil="true"></Line2>
          <Line3 xsi:nil="true"></Line3>
          <Longitude xsi:nil="true"></Longitude>
          <Name xsi:nil="true"></Name>
          <PostalCode xsi:nil="true"></PostalCode>
          <PostOfficeBox xsi:nil="true"></PostOfficeBox>
          <PrimaryContactName xsi:nil="true"></PrimaryContactName>
          <ShippingMethodCode>1</ShippingMethodCode>
          <StateOrProvince xsi:nil="true"></StateOrProvince>
          <Telephone1 xsi:nil="true"></Telephone1>
          <Telephone2 xsi:nil="true"></Telephone2>
          <Telephone3 xsi:nil="true"></Telephone3>
          <TimeZoneRuleVersionNumber xsi:nil="true"></TimeZoneRuleVersionNumber>
          <UPSZone xsi:nil="true"></UPSZone>
          <UTCOffset xsi:nil="true"></UTCOffset>
          <UTCConversionTimeZoneCode xsi:nil="true"></UTCConversionTimeZoneCode>
        </Address>
        <Address>
          <AddressNumber>2</AddressNumber>
          <AddressTypeCode>1</AddressTypeCode>
          <City xsi:nil="true"></City>
          <County xsi:nil="true"></County>
          <Country xsi:nil="true"></Country>
          <Fax xsi:nil="true"></Fax>
          <FreightTermsCode xsi:nil="true"></FreightTermsCode>
          <ImportSequenceNumber xsi:nil="true"></ImportSequenceNumber>
          <Latitude xsi:nil="true"></Latitude>
          <Line1 xsi:nil="true"></Line1>
          <Line2 xsi:nil="true"></Line2>
          <Line3 xsi:nil="true"></Line3>
          <Longitude xsi:nil="true"></Longitude>
          <Name xsi:nil="true"></Name>
          <PostalCode xsi:nil="true"></PostalCode>
          <PostOfficeBox xsi:nil="true"></PostOfficeBox>
          <PrimaryContactName xsi:nil="true"></PrimaryContactName>
          <ShippingMethodCode>1</ShippingMethodCode>
          <StateOrProvince xsi:nil="true"></StateOrProvince>
          <Telephone1 xsi:nil="true"></Telephone1>
          <Telephone2 xsi:nil="true"></Telephone2>
          <Telephone3 xsi:nil="true"></Telephone3>
          <TimeZoneRuleVersionNumber xsi:nil="true"></TimeZoneRuleVersionNumber>
          <UPSZone xsi:nil="true"></UPSZone>
          <UTCOffset xsi:nil="true"></UTCOffset>
          <UTCConversionTimeZoneCode xsi:nil="true"></UTCConversionTimeZoneCode>
        </Address>
      </Addresses>
    </Publisher>
    <RootComponents>
      <RootComponent type="1" schemaName="curso_alunos" behavior="0" />
      <RootComponent type="1" schemaName="curso_alunoxcursodisponivel" behavior="0" />
      <RootComponent type="1" schemaName="curso_cursosdisponiveis" behavior="0" />
      <RootComponent type="1" schemaName="curso_cursoxinstrutores" behavior="0" />
      <RootComponent type="1" schemaName="curso_instrutores" behavior="0" />
      <RootComponent type="29" id="{498abb93-7e7f-ee11-8179-000d3ac0de01}" behavior="0" />
      <RootComponent type="29" id="{4d762093-807f-ee11-8179-000d3ac0de01}" behavior="0" />
      <RootComponent type="29" id="{4eb9da54-747f-ee11-8179-000d3ac0de01}" behavior="0" />
      <RootComponent type="29" id="{8bcce1e9-be12-49f5-b2d9-5531448b3f40}" behavior="0" />
      <RootComponent type="29" id="{b42c375a-7c7f-ee11-8179-000d3ac0de01}" behavior="0" />
      <RootComponent type="29" id="{d9b7af7b-e93d-4417-9b31-f47722474ba8}" behavior="0" />
      <RootComponent type="29" id="{eb95a29e-7d7f-ee11-8179-000d3ac0de01}" behavior="0" />
      <RootComponent type="29" id="{f407cb98-767f-ee11-8179-000d3ac0de01}" behavior="0" />
      <RootComponent type="29" id="{f96ebcbd-8b7e-ee11-8179-000d3ac0de01}" behavior="0" />
      <RootComponent type="29" id="{fd727482-7f7f-ee11-8179-000d3ac0de01}" behavior="0" />
      <RootComponent type="61" schemaName="curso_scriptcallactioncep" behavior="0" />
      <RootComponent type="61" schemaName="curso_scriptribbon" behavior="0" />
      <RootComponent type="62" schemaName="curso_Treinamento" behavior="0" />
      <RootComponent type="80" schemaName="curso_Treinamento" behavior="0" />
      <RootComponent type="91" id="{6b130ebf-ffec-4623-b715-d02e082d47d7}" schemaName="ProjetoDesafio2, Version=1.0.0.0, Culture=neutral, PublicKeyToken=daafa87576257c8d" behavior="0" />
      <RootComponent type="300" schemaName="curso_appinstrutoreshabilitados_2dfeb" behavior="0" />
    </RootComponents>
    <MissingDependencies>
      <MissingDependency>
        <Required type="20" displayName="Dynamics 365 App for Outlook User" solution="AppforOutlookPatch (1.2.402)" id="{2407db5e-edae-4e36-9be1-fd61d4d15809}" />
        <Dependent type="80" schemaName="curso_Treinamento" displayName="Treinamento" />
      </MissingDependency>
      <MissingDependency>
        <Required type="20" displayName="Sales Manager" solution="msdynce_Sales (9.0.4.0076)" id="{3de12aa3-6bd9-4b69-99b6-3bb9892a7feb}" parentId="{c0ed2f4f-6f92-4691-92ba-78f2931e8fba}">
          <package>msdynce_SalesAnchor (9.0.23103.10012)</package>
        </Required>
        <Dependent type="80" schemaName="curso_Treinamento" displayName="Treinamento" />
      </MissingDependency>
      <MissingDependency>
        <Required type="20" displayName="Permissão de Compartilhamento do Usuário do Aplicativo da Máquina de Fluxos da Área de Trabalho" solution="MicrosoftFlowExtensionsCore (1.6.2.0)" id="{ee18dcf2-6f83-4cd7-aa5c-1d8a88947d51}" />
        <Dependent type="80" schemaName="curso_Treinamento" displayName="Treinamento" />
      </MissingDependency>
      <MissingDependency>
        <Required type="61" schemaName="msdyn_/Images/AppModule_Default_Icon.png" displayName="msdyn_/Images/AppModule_Default_Icon.png" solution="AppModuleWebResources (2.5)" />
        <Dependent type="80" schemaName="curso_Treinamento" displayName="Treinamento" />
      </MissingDependency>
      <MissingDependency>
        <Required type="66" schemaName="MscrmControls.Canvas.CanvasControl" displayName="MscrmControls.Canvas.CanvasControl" solution="BaseCustomControlsCore (9.0.2310.5018)" />
        <Dependent type="60" displayName="Curso DYN365CE" parentDisplayName="Cursos" id="{e501c1fa-877c-4fbe-a6d9-8b31fd96b18b}" />
      </MissingDependency>
    </MissingDependencies>
  </SolutionManifest>
</ImportExportXml>