{
  "properties": {
    "connectionReferences": {
      "shared_sendmail": {
        "runtimeSource": "invoker",
        "connection": {
          "connectionReferenceLogicalName": "curso_sharedsendmail_8d4dc"
        },
        "api": {
          "name": "shared_sendmail"
        }
      }
    },
    "definition": {
      "$schema": "https://schema.management.azure.com/providers/Microsoft.Logic/schemas/2016-06-01/workflowdefinition.json#",
      "contentVersion": "1.0.0.0",
      "parameters": {
        "$connections": {
          "defaultValue": {},
          "type": "Object"
        },
        "$authentication": {
          "defaultValue": {},
          "type": "SecureObject"
        }
      },
      "triggers": {
        "manual": {
          "metadata": {
            "operationMetadataId": "ee8fcf30-0fd3-4632-b9d2-562064a8da93"
          },
          "type": "Request",
          "kind": "PowerAppV2",
          "inputs": {
            "schema": {
              "type": "object",
              "properties": {
                "email": {
                  "title": "Email",
                  "type": "string",
                  "format": "email",
                  "x-ms-dynamically-added": true,
                  "description": "Digite um endereço de email",
                  "x-ms-content-hint": "EMAIL"
                },
                "text": {
                  "title": "Nome",
                  "type": "string",
                  "x-ms-dynamically-added": true,
                  "description": "Nome",
                  "x-ms-content-hint": "TEXT"
                },
                "text_1": {
                  "title": "Curso",
                  "type": "string",
                  "x-ms-dynamically-added": true,
                  "description": "Curso",
                  "x-ms-content-hint": "TEXT"
                }
              },
              "required": [
                "email",
                "text",
                "text_1"
              ]
            }
          }
        }
      },
      "actions": {
        "Enviar_uma_notificação_por_email_(V3)": {
          "runAfter": {},
          "metadata": {
            "operationMetadataId": "8efd645e-74be-4887-b322-f4ee2583621f"
          },
          "type": "OpenApiConnection",
          "inputs": {
            "host": {
              "connectionName": "shared_sendmail",
              "operationId": "SendEmailV3",
              "apiId": "/providers/Microsoft.PowerApps/apis/shared_sendmail"
            },
            "parameters": {
              "request/to": "@{triggerBody()['email']};",
              "request/subject": "Novo Curso Habilitado",
              "request/text": "<p>Olá @{triggerBody()['text']},<br>\nO Curso: @{triggerBody()['text_1']} foi habilitado para que você seja um instrutor.<br>\n<br>\nEquipe Treinamento.</p>"
            },
            "authentication": "@parameters('$authentication')"
          }
        }
      }
    },
    "templateName": ""
  },
  "schemaVersion": "1.0.0.0"
}