{
  "properties": {
    "connectionReferences": {
      "shared_sendmail": {
        "runtimeSource": "invoker",
        "connection": {
          "connectionReferenceLogicalName": "curso_sharedsendmail_8d4dc"
        },
        "api": {
          "name": "shared_sendmail"
        }
      }
    },
    "definition": {
      "$schema": "https://schema.management.azure.com/providers/Microsoft.Logic/schemas/2016-06-01/workflowdefinition.json#",
      "contentVersion": "1.0.0.0",
      "parameters": {
        "$connections": {
          "defaultValue": {},
          "type": "Object"
        },
        "$authentication": {
          "defaultValue": {},
          "type": "SecureObject"
        }
      },
      "triggers": {
        "manual": {
          "metadata": {
            "operationMetadataId": "2b4bc722-0a9a-47e3-b97b-e5928db379ae"
          },
          "type": "Request",
          "kind": "PowerAppV2",
          "inputs": {
            "schema": {
              "type": "object",
              "properties": {
                "email": {
                  "title": "Email",
                  "type": "string",
                  "format": "email",
                  "x-ms-dynamically-added": true,
                  "description": "Email",
                  "x-ms-content-hint": "EMAIL"
                }
              },
              "required": [
                "email"
              ]
            }
          }
        }
      },
      "actions": {
        "Enviar_uma_notificação_por_email_(V3)": {
          "runAfter": {},
          "metadata": {
            "operationMetadataId": "6332b41b-ec61-4e6d-9d02-466867f6c56e"
          },
          "type": "OpenApiConnection",
          "inputs": {
            "host": {
              "connectionName": "shared_sendmail",
              "operationId": "SendEmailV3",
              "apiId": "/providers/Microsoft.PowerApps/apis/shared_sendmail"
            },
            "parameters": {
              "request/to": "@triggerBody()",
              "request/subject": "Novo Curso Habilitado",
              "request/text": "<p>Olá @{triggerBody()},<br>\nO Curso: @{triggerBody()}, foi habilitado para que você seja um instrutor.<br>\n<br>\nEquipe treinamento.<br>\n</p>"
            },
            "authentication": "@parameters('$authentication')"
          }
        }
      }
    },
    "templateName": ""
  },
  "schemaVersion": "1.0.0.0"
}