<ImportExportXml xmlns:xsi="http://www.w3.org/2001/XMLSchema-instance">
  <Entities>
    <Entity>
      <Name LocalizedName="Cliente Potencial" OriginalName="Cliente Potencial">Lead</Name>
      <EntityInfo>
        <entity Name="Lead" unmodified="1">
          <attributes />
        </entity>
      </EntityInfo>
      <RibbonDiffXml>
        <CustomActions>
          <CustomAction Id="curso.lead.Button2.BuscaCEP.CustomAction" Location="Mscrm.Form.lead.MainTab.Save.Controls._children" Sequence="53">
            <CommandUIDefinition>
              <Button Command="curso.lead.Command0.BuscaCEP" Id="curso.lead.Button2.BuscaCEP" LabelText="$LocLabels:curso.lead.Button2.BuscaCEP.LabelText" Sequence="53" TemplateAlias="o2" ToolTipTitle="$LocLabels:curso.lead.Button2.BuscaCEP.ToolTipTitle" ToolTipDescription="$LocLabels:curso.lead.Button2.BuscaCEP.ToolTipDescription" />
            </CommandUIDefinition>
          </CustomAction>
        </CustomActions>
        <Templates>
          <RibbonTemplates Id="Mscrm.Templates"></RibbonTemplates>
        </Templates>
        <CommandDefinitions>
          <CommandDefinition Id="curso.lead.Command0.BuscaCEP">
            <EnableRules />
            <DisplayRules />
            <Actions>
              <JavaScriptFunction FunctionName="BuscaCEP" Library="$webresource:curso_scriptcallactioncep">
                <CrmParameter Value="PrimaryControl" />
              </JavaScriptFunction>
            </Actions>
          </CommandDefinition>
        </CommandDefinitions>
        <RuleDefinitions>
          <TabDisplayRules />
          <DisplayRules />
          <EnableRules />
        </RuleDefinitions>
        <LocLabels>
          <LocLabel Id="curso.lead.Button2.BuscaCEP.LabelText">
            <Titles>
              <Title description="Buscar CEP" languagecode="1046" />
            </Titles>
          </LocLabel>
          <LocLabel Id="curso.lead.Button2.BuscaCEP.ToolTipDescription">
            <Titles>
              <Title description="Buscar CEP" languagecode="1046" />
            </Titles>
          </LocLabel>
          <LocLabel Id="curso.lead.Button2.BuscaCEP.ToolTipTitle">
            <Titles>
              <Title description="Buscar CEP" languagecode="1046" />
            </Titles>
          </LocLabel>
        </LocLabels>
      </RibbonDiffXml>
    </Entity>
  </Entities>
  <Roles></Roles>
  <Workflows></Workflows>
  <FieldSecurityProfiles></FieldSecurityProfiles>
  <Templates />
  <EntityMaps />
  <EntityRelationships />
  <OrganizationSettings />
  <optionsets />
  <CustomControls />
  <SolutionPluginAssemblies>
    <PluginAssembly FullName="ProjetoDesafio2, Version=1.0.0.0, Culture=neutral, PublicKeyToken=daafa87576257c8d" PluginAssemblyId="6b130ebf-ffec-4623-b715-d02e082d47d7" CustomizationLevel="1">
      <IsolationMode>2</IsolationMode>
      <SourceType>0</SourceType>
      <IntroducedVersion>1.0</IntroducedVersion>
      <FileName>/PluginAssemblies/ProjetoDesafio2-6B130EBF-FFEC-4623-B715-D02E082D47D7/ProjetoDesafio2.dll</FileName>
      <PluginTypes>
        <PluginType AssemblyQualifiedName="ProjetoDesafio2.ActionCEP, ProjetoDesafio2, Version=1.0.0.0, Culture=neutral, PublicKeyToken=daafa87576257c8d" PluginTypeId="c9d4cde4-03f4-48d2-bf8e-dc56eee9ec6d" Name="ProjetoDesafio2.ActionCEP">
          <FriendlyName>70e2b721-ab20-465c-a086-0745568ebfa3</FriendlyName>
        </PluginType>
        <PluginType AssemblyQualifiedName="ProjetoDesafio2.WFValidaLimiteInscricoesAluno, ProjetoDesafio2, Version=1.0.0.0, Culture=neutral, PublicKeyToken=daafa87576257c8d" PluginTypeId="cca32001-e800-482e-9549-5fe639f89d65" Name="ProjetoDesafio2.WFValidaLimiteInscricoesAluno">
          <FriendlyName>d3ff9ed7-c792-453d-a1c8-787be94f8e14</FriendlyName>
          <WorkflowActivityGroupName>ProjetoDesafio2 (1.0.0.0)</WorkflowActivityGroupName>
        </PluginType>
      </PluginTypes>
    </PluginAssembly>
  </SolutionPluginAssemblies>
  <EntityDataProviders />
  <Languages>
    <Language>1046</Language>
  </Languages>
</ImportExportXml>